Name,SalePrice,DateOfSale,Year,Mileage,Classification,Transmission,FuelType,Description,SaleLocation
volkswagen polo (united),16303.00,02/01/2024,2020,21766,hatchback,manual,petrol,volkswagen polo. 1.0 evo 80 united 5dr. 1 previous owner,dublin
volkswagen golf (r),16469.00,03/01/2024,2016,80547,hatchback,manual,petrol,navy volkswagen golf. 2.0 tsi bluemotion tech r hatchback 4motion (s/s) 3dr - full service history / apple carplay / android auto (euro 6),waterford
volkswagen golf (r-line),31220,2024-01-04,2022,196,hatchback,manual,petrol,red volkswagen golf. 2.0 tdi 150 r-line 5dr. 1 previous owner,cork
volkswagen taigo (tsi),29375.00,04/01/2024,2022,341,suv,automatic,petrol,volkswagen taigo hatchback. 1.0 tsi 110 r-line 5dr dsg. 1 previous owner,kildare
volkswagen t-cross (sel),22426,05/01/2024,2020,9724,suv,automatic,petrol,volkswagen t-cross. 1.0 tsi 115 sel 5dr dsg petrol estate,donegal
volkswagen polo (bluemotion tech),10122.00,07/01/2024,2016,33470,hatchback,manual,petrol,blue volkswagen polo. 1l match bluemotion tech 5dr,dublin
volkswagen scirocco (gt),12914.00,07/01/2024,2015,46487,hatchback,manual,diesel,blue volkswagen scirocco. 2.0 gt tdi bluemotion technology 2d 150 bhp ** nationwide delivery available **,louth
volkswagen jetta (bluemotion tech),10650.00,2024-01-08,2015,47635,saloon,manual,diesel,"black volkswagen jetta. 2.0 tdi gt 4dr [dab radio, touch screen nav ]",cork
volkswagen tiguan (tdi),7489.00,2024-01-11,2011,92056,suv,manual,diesel,blue volkswagen tiguan. 2.0 tdi bluemotion tech se 4wd euro 5 (s/s) 5dr,meath
volkswagen polo (tdi),7280.00,11/01/2024,2013,57278,hatchback,manual,diesel,blue volkswagen polo. 1.6 tdi sel euro 5 5dr. 2 previous owners,cork
volkswagen golf (gti),22507.00,2024-01-12,2018,39124,hatchback,automatic,petrol,volkswagen golf. 2l gti tsi 5dr,clare
volkswagen scirocco (gt),8904.00,2024-01-12,2011,72092,hatchback,manual,petrol,black volkswagen scirocco. 2.0 tsi gt euro 5 3dr,limerick
volkswagen t-cross (se),23826.00,14/01/2024,2022,3311,suv,automatic,petrol,volkswagen t-cross. 1.0 tsi 110 se 5dr dsg. 1 previous owner,clare
volkswagen polo (se),8666.00,15/01/2024,2015,44081,hatchback,manual,petrol,silver volkswagen polo. 1.0 bluemotion tech se hatchback 5dr petrol manual euro 6 (s/s) (75 ps). 2 previous owners,sligo
volkswagen passat (se),5041.00,16/01/2024,2010,94420,saloon,manual,diesel,volkswagen passat. 1.6 tdi bluemotion tech se saloon 4dr diesel manual euro 5 (s/s) (105 ps). 4 previous owners,cork
volkswagen tiguan (bluemotion tech),8072.00,17/01/2024,2012,102321,suv,manual,diesel,"navy volkswagen tiguan. 2.0 s tdi bluemotion technology 4motion 5d 138 bhp 12 months warranty and long mot, like new!!!",cork
volkswagen taigo (tsi),27742.00,17/01/2024,2022,4562,suv,automatic,petrol,red volkswagen taigo. 1.5 tsi (150ps) r-line dsg [18in black diamond turned alloys] 5dr,westmeath
volkswagen scirocco (gt),10691.00,2024-01-17,2012,52488,hatchback,manual,petrol,blue volkswagen scirocco. 2.0 tsi gt euro 5 3dr. 3 previous owners,dublin
volkswagen golf (gtd),18429.00,18/01/2024,2018,54046,hatchback,manual,diesel,grey volkswagen golf. 2.0 tdi gtd hatchback 5dr diesel euro 6 (s/s) (184 ps). 3 previous owners,wicklow
volkswagen golf (r-line),28962.00,19/01/2024,2022,1318,hatchback,manual,petrol,blue volkswagen golf hatchback. 1.5 tsi 150 r-line 5dr. 1 previous owner,mayo
volkswagen scirocco (tsi),8789.00,20/01/2024,2014,72911,hatchback,manual,petrol,black volkswagen scirocco. 1.4 tsi euro 5 3dr (nav). 5 previous owners,kerry
volkswagen golf (gtd),17456.00,2024-01-21,2014,35177,hatchback,automatic,diesel,silver volkswagen golf diesel hatchback. 2.0 tdi gtd 3dr dsg. 3 previous owners,tipperary
volkswagen golf (tsi),7149,21/01/2024,2013,83217,convertible,manual,petrol,red volkswagen golf. 1.4 tsi gt cabriolet 2dr. 2 previous owners,cavan
volkswagen polo (united),11494.00,23/01/2024,2020,8326,hatchback,manual,petrol,volkswagen polo. 1.0 evo united hatchback 5dr petrol manual euro 6 (s/s) (80 ps). 1 previous owner,kildare
volkswagen golf (tsi),6403.00,24/01/2024,2010,80157,hatchback,manual,petrol,black volkswagen golf. 1.4 tsi se euro 5 5dr. 3 previous owners,wicklow
volkswagen up! (move up!),6661.00,26/01/2024,2013,31822,hatchback,manual,petrol,red volkswagen up. 1.0 move up 5dr. 3 previous owners,westmeath
volkswagen t-roc (tsi evo),26196.00,2024-01-26,2021,8771,suv,automatic,petrol,red volkswagen t-roc. 1.5 black edition tsi evo dsg 5dr,roscommon
volkswagen passat (bluemotion tech),17768.00,26/01/2024,2016,50663,estate,automatic,diesel,navy volkswagen passat. 2.0 tdi gt 5dr dsg,galway
volkswagen polo (bluemotion tech),9255.00,2024-01-27,2014,36097,hatchback,manual,diesel,blue volkswagen polo. 1.4 tdi bluemotion tech se hatchback 5dr diesel manual euro 6 (s/s) (75 ps). 4 previous owners,galway
volkswagen tiguan (match edition),12758.00,28/01/2024,2015,74517,suv,automatic,diesel,grey volkswagen tiguan. 2.0 tdi bluemotion tech match edition 150 5dr dsg,offaly
volkswagen golf (gt),14378.00,28/01/2024,2017,44127,hatchback,manual,diesel,blue volkswagen golf. 1.6 gt tdi bluemotion technology 5d 114 bhp + low rate finance available +,wicklow
volkswagen golf (match edition),21133.00,04/02/2024,2020,15118,hatchback,automatic,petrol,red volkswagen golf. 1.5 tsi evo 150 match edition 5dr dsg,dublin
volkswagen golf (match),5713.00,04/02/2024,2012,88772,hatchback,manual,diesel,grey volkswagen golf. 1.6 match tdi 5d 103 bhp *great hist inc belts* *amazing finance options available*,meath
volkswagen golf (tsi),8736.00,05/02/2024,2011,36368,hatchback,manual,petrol,black volkswagen golf. 1.4 tsi match euro 5 5dr. 1 previous owner,galway
volkswagen touareg (black edition),54132.00,05/02/2024,2020,9235,suv,automatic,diesel,navy volkswagen touareg. 3.0tdi (286ps) black edition 4motion 5dr,kerry
volkswagen golf (gtd),20285.00,05/02/2024,2016,31106,hatchback,automatic,diesel,volkswagen golf. 2.0 gtd dsg 5d 182 bhp,dublin
volkswagen golf (gt),16385.00,05/02/2024,2019,24408,hatchback,manual,diesel,red volkswagen golf. 1.6 tdi gt 5dr,wexford
volkswagen golf (r-line),16958.00,09/02/2024,2017,37690,hatchback,manual,diesel,volkswagen golf. 2.0 tdi r-line 5dr satellite navigation,dublin
volkswagen tiguan (se),8422.00,10/02/2024,2013,108438,s.u.v.,manual,diesel,red volkswagen tiguan. 2.0 tdi bluemotion tech se 4wd (s/s) 5dr. 2 previous owners,kilkenny
volkswagen polo (tsi),4725.00,11/02/2024,2014,63202,hatchback,manual,petrol,blue volkswagen polo. 1.2 tsi bluemotion tech se hatchback 3dr petrol manual euro 6 (s/s) (90 ps). 3 previous owners,sligo
volkswagen passat (tdi),4324.00,15/02/2024,2012,138127,saloon,manual,diesel,blue volkswagen passat. se tdi bluemotion technology 2.0 4dr,cork
volkswagen up! (move up!),7771.00,2024-02-16,2013,19942,hatchback,manual,petrol,volkswagen up!. 1.0 move up! 5dr. 3 previous owners,galway
volkswagen golf (fsi),3822.00,2024-02-19,2008,74843,hatchback,manual,petrol,blue volkswagen golf. 1.6 fsi match 5dr. 2 previous owners,limerick
volkswagen polo (bluemotion tech),9701.00,19/02/2024,2017,50000,hatchback,manual,petrol,black volkswagen polo. 1.0 bluemotion tech match euro 6 (s/s) 5dr. 2 previous owners,wexford
volkswagen tiguan (r-line),13839.00,19/02/2024,2015,54173,s.u.v.,manual,diesel,red volkswagen tiguan. 2.0 tdi bluemotion tech r-line 5dr. 3 previous owners,limerick
volkswagen polo (e),2983.00,21/02/2024,2009,62904,hatchback,manual,petrol,volkswagen polo. 1.2 e 3dr,wicklow
volkswagen polo (tsi),9116.00,23/02/2024,2013,43656,hatchback,manual,petrol,black volkswagen polo. 1.2 r line tsi 5dr 104 bhp ** low miles - 2 owners - clean **. 2 previous owners,meath
volkswagen golf (tdi),5210.00,2024-02-23,2010,114449,hatchback,manual,diesel,blue volkswagen golf. 2.0 tdi gt euro 5 5dr,dublin
volkswagen polo (tsi),11051,23/02/2024,2015,69055,hatchback,manual,petrol,blue volkswagen polo. 1.8 gti 3d 189 bhp **nationwide delivery available**,cavan
volkswagen passat (tdi),11690.00,2024-02-23,2016,61147,saloon,manual,diesel,black volkswagen passat. 2.0 tdi bluemotion tech se business (s/s) 4dr. 1 previous owner,kildare
volkswagen polo (match edition),10916.00,24/02/2024,2017,48194,hatchback,manual,petrol,navy volkswagen polo. 1.0 match edition 5dr. 1 previous owner,donegal
volkswagen polo (bluemotion tech),10605.00,24/02/2024,2015,38531,hatchback,manual,diesel,grey volkswagen polo. 1.4 tdi se design 5dr,offaly
volkswagen golf (match edition),8336.00,2024-02-24,2016,97343,hatchback,manual,diesel,volkswagen golf. 1.6 tdi bluemotion tech match edition euro 6 (s/s) 5dr. 2 previous owners,meath
volkswagen golf (r-line),29345.00,24/02/2024,2022,2240,hatchback,manual,petrol,black volkswagen golf hatchback. 1.5 tsi 150 r-line 5dr. 1 previous owner,kildare
volkswagen polo (evo),17790.00,2024-02-25,2021,10711,hatchback,manual,petrol,volkswagen polo. 1.0 evo 80 match 5dr,longford
volkswagen golf (life),28496.00,25/02/2024,2022,1063,hatchback,manual,petrol,black volkswagen golf. 1.0 tsi life 5dr. 1 previous owner,galway
volkswagen golf (gt),10814.00,25/02/2024,2017,117290,hatchback,manual,diesel,navy volkswagen golf. 2.0 tdi gt euro 6 (s/s) 5dr,meath
volkswagen golf (gti performance),27706.00,25/02/2024,2020,26653,hatchback,automatic,petrol,blue volkswagen golf. 2.0 tsi 245 gti performance 5dr dsg. 1 previous owner,tipperary
volkswagen polo (se),7979.00,27/02/2024,2015,60249,hatchback,manual,petrol,red volkswagen polo. 1.0 bluemotion tech se euro 6 (s/s) 3dr. 2 previous owners,donegal
volkswagen cc (gt),7244.00,28/02/2024,2012,97918,saloon,automatic,diesel,red volkswagen cc. 2.0 tdi bluemotion tech gt saloon 4dr diesel dsg euro 5 (s/s) (140 ps). 2 previous owners,dublin
volkswagen t-cross (se),17811.00,29/02/2024,2019,19427,suv,manual,petrol,blue volkswagen t-cross. 1.0 tsi 115 se 5dr,cork
volkswagen tiguan (r-line),20155.00,05/03/2024,2016,62141,suv,manual,diesel,blue volkswagen tiguan. 2.0 tdi 150 r-line 5dr diesel estate,dublin
volkswagen polo (gti),8185.00,05/03/2024,2013,102003,hatchback,automatic,petrol,red volkswagen polo. 1.4 tsi gti dsg euro 5 3dr. 6 previous owners,cork
volkswagen tiguan (se navigation),18098.00,06/03/2024,2017,59171,suv,automatic,diesel,red volkswagen tiguan. 2.0 tdi 150 4motion se nav 5dr dsg,mayo
volkswagen golf (gt),17834.00,09/03/2024,2018,31448,hatchback,manual,diesel,silver volkswagen golf. 1.6 tdi gt 5dr,dublin
volkswagen golf (tsi evo),15873.00,12/03/2024,2019,33395,hatchback,manual,petrol,volkswagen golf. 1.5 tsi evo se nav hatchback 5dr petrol manual euro 6 (s/s) (130 ps). 1 previous owner,wicklow
volkswagen id.3 (pro performance),40440.00,12/03/2024,2021,14043,hatchback,automatic,electric,volkswagen id.3 hatchback. 150kw max pro performance 58kwh 5dr auto satellite navigation,clare
volkswagen golf (gte),22996.00,14/03/2024,2017,23578,hatchback,auto,petrol plug-in hybrid,"silver volkswagen golf. 1.4 gte dsg 5d 150 bhp 8in touchscreen display, apple carplay, android auto, mirrorlink, front / rear parking sensors, dab / bluetooth / usb / cd, 17i",cork
volkswagen golf (match edition),18945.00,15/03/2024,2019,19055,hatchback,manual,petrol,blue volkswagen golf. 1.5 tsi evo match edition 5dr. 1 previous owner,dublin
volkswagen t-cross (se),16447.00,2024-03-16,2019,19617,suv,manual,petrol,red volkswagen t-cross. 1.0 tsi 115 se 5dr bluetooth,dublin
volkswagen tiguan (bluemotion tech),5104.00,17/03/2024,2011,99109,suv,manual,diesel,navy volkswagen tiguan. 2.0 tdi bluemotion tech s (s/s) 5dr,galway
volkswagen up! (move up!),3172.00,17/03/2024,2012,77127,hatchback,manual,petrol,navy volkswagen up!. 1.0 move up! 3dr. 4 previous owners,clare
volkswagen tiguan allspace (tdi),32918.00,18/03/2024,2021,15138,suv,automatic,diesel,red volkswagen tiguan allspace. life 2.0 tdi 150ps 7-speed dsg 5 door,dublin
volkswagen tiguan (se navigation),19944.00,19/03/2024,2019,31899,s.u.v.,manual,diesel,black volkswagen tiguan. 2l se navigation tdi 5dr,dublin
volkswagen polo (bluemotion tech),10708.00,2024-03-20,2016,21374,hatchback,manual,petrol,black volkswagen polo. 1.0 bluemotion tech match euro 6 (s/s) 5dr. 2 previous owners,dublin
volkswagen t-cross (se),17776.00,22/03/2024,2019,11526,suv,manual,petrol,black volkswagen t-cross. 1.0 tsi 115 se 5dr,leitrim
volkswagen golf (tsi),12305.00,24/03/2024,2014,52490,convertible,automatic,petrol,navy volkswagen golf. 1.4 tsi gt +huge spec+cabriolet 2dr petrol dsg euro 5 (160 ps). 1 previous owner,dublin
volkswagen polo (bluemotion tech),10337.00,25/03/2024,2016,57867,hatchback,manual,petrol,volkswagen polo. 1.2 tsi bluemotion tech r-line hatchback 5dr petrol manual euro 6 (s/s) (90 ps). 2 previous owners,westmeath
volkswagen tiguan (bluemotion tech),13978.00,25/03/2024,2014,38354,suv,automatic,diesel,red volkswagen tiguan. 2.0 tdi bluemotion tech match dsg 4wd euro 5 (s/s) 5dr,waterford
volkswagen golf (se nav),17257.00,2024-03-29,2017,24174,hatchback,automatic,petrol,grey volkswagen golf. se nav 1.4 tsi bluemotion dsg auto 5dr,waterford
volkswagen tiguan (tdi),11490,03/04/2024,2015,60091,suv,manual,diesel,navy volkswagen tiguan. 2.0 tdi bluemotion tech match suv 5dr diesel manual 4wd euro 5 (s/s) (140 ps). 2 previous owners,louth
volkswagen tiguan (r-line),30391.00,03/04/2024,2020,27213,suv,automatic,petrol,navy volkswagen tiguan. 1.5 tsi r-line dsg euro 6 (s/s) 5dr,donegal
volkswagen t-roc (r-line),25379,04/04/2024,2021,28641,suv,manual,petrol,black volkswagen t-roc. 1.5 tsi evo r-line 5dr satellite navigation,dublin
volkswagen polo (match),6590.00,2024-04-05,2011,57229,hatchback,manual,petrol,blue volkswagen polo. 1.4 match 5d 83 bhp fully aa inspected - finance available,dublin
volkswagen tiguan (r-line tech),30242.00,06/04/2024,2019,24938,suv,automatic,petrol,blue volkswagen tiguan. 2.0 tsi r-line tech dsg 4motion euro 6 (s/s) 5dr. 1 previous owner,dublin
volkswagen t-roc (tsi),34719.00,06/04/2024,2022,1223,suv,automatic,petrol,blue volkswagen t-roc. r-line 1.5 tsi 150ps 7-speed dsg 5 door. 1 previous owner,cork
volkswagen golf (style),23486.00,06/04/2024,2021,3846,hatchback,manual,petrol,black volkswagen golf hatchback. 1.5 tsi style 5dr. 2 previous owners,laois
volkswagen golf (gtd),16351.00,07/04/2024,2016,73121,hatchback,automatic,diesel,volkswagen golf. 2.0 tdi bluemotion tech gtd dsg euro 6 (s/s) 5dr. 2 previous owners,dublin
volkswagen tiguan (sport),9195.00,09/04/2024,2012,74129,suv,manual,diesel,black volkswagen tiguan. 2.0 sport tdi 4motion 5d 168 bhp,wicklow
volkswagen polo (se),6649.00,10/04/2024,2015,66164,hatchback,manual,petrol,blue volkswagen polo. 1.0 bluemotion tech se euro 6 (s/s) 3dr. 2 previous owners,cork
volkswagen golf (tdi),2091.00,12/04/2024,2009,164261,hatchback,manual,diesel,black volkswagen golf. 2.0 tdi se euro 5 5dr,offaly
volkswagen polo (r-line),16961.00,12/04/2024,2019,27271,hatchback,manual,petrol,blue volkswagen polo. 1.0 tsi 115 r-line 5dr petrol hatchback,tipperary
volkswagen tiguan allspace (tsi evo),25400.00,13/04/2024,2019,15797,suv,manual,petrol,navy volkswagen tiguan allspace. 1.5 tsi evo match 5dr,tipperary
volkswagen t-cross (tsi),22606.00,2024-04-16,2020,26129,suv,automatic,petrol,volkswagen t-cross. 1.0 tsi 115 r-line 5dr dsg,wexford
volkswagen passat (tsi),18618.00,17/04/2024,2018,55138,estate,automatic,petrol,red volkswagen passat. 1.4 tsi gt 150ps act dsg estate 5dr. 1 previous owner,meath
volkswagen arteon (r-line),32860.00,18/04/2024,2022,10335,saloon,automatic,petrol,volkswagen arteon. pa r-line 2.0 tsi 190ps 7-speed dsg 5 door. 1 previous owner,cork
volkswagen t-roc (design),22140.00,2024-04-19,2021,9703,suv,manual,petrol,blue volkswagen t-roc. 2017 1.0 tsi design 110ps + white roof + winter pack 5dr. 1 previous owner,dublin
volkswagen golf (gti),15782.00,2024-04-20,2014,40980,hatchback,automatic,petrol,volkswagen golf. 2.0 gti dsg 3d 218 bhp *** low mileage for year ***. 2 previous owners,donegal
volkswagen tiguan (tsi evo),23113.00,22/04/2024,2019,34332,suv,automatic,petrol,silver volkswagen tiguan. match 1.5 tsi evo 150ps 7-speed dsg 5 door. 1 previous owner,galway
volkswagen polo (bluemotion tech),9949.00,23/04/2024,2015,44699,hatchback,manual,petrol,black volkswagen polo. 1.0 se design 5dr,dublin
volkswagen touareg (tdi v6),20821.00,30/04/2024,2015,64164,suv,automatic,diesel,silver volkswagen touareg. 3.0 tdi v6 bluemotion tech r-line suv 5dr diesel tiptronic 4wd euro 6 (s/s) (262 ps). 2 previous owners,donegal
volkswagen polo (sel),5456.00,30/04/2024,2010,86070,hatchback,manual,petrol,black volkswagen polo. 1.2 tsi sel euro 5 5dr,dublin
volkswagen scirocco (tsi),12151.00,02/05/2024,2014,72160,hatchback,manual,petrol,"navy volkswagen scirocco. 2.0 tsi r-line hatchback 3dr petrol manual (172 g/km, 207 bhp). 2 previous owners",cork
volkswagen scirocco (r-line),11326.00,05/05/2024,2016,109617,hatchback,automatic,diesel,navy volkswagen scirocco. 2.0 tdi bluemotion tech r-line dsg 3dr. 2 previous owners,galway
volkswagen scirocco (tsi),7893.00,05/05/2024,2011,102290,hatchback,manual,petrol,black volkswagen scirocco. 2.0 gt 3d 211 bhp *panoramic sunroof + dynaudio soundpack* panoramic sunroof + dynaudio sound,longford
volkswagen arteon (tsi),34345.00,05/05/2024,2022,2691,estate,automatic,petrol,volkswagen arteon shooting brake. 2.0 tsi r-line 5dr dsg. 1 previous owner,louth
volkswagen polo (match),11937.00,08/05/2024,2017,25090,hatchback,manual,petrol,silver volkswagen polo. 1.2 tsi bluemotion tech match hatchback 5dr petrol manual euro 6 (s/s) (90 ps). 2 previous owners,kerry
volkswagen t-roc (r-line),25387,2024-05-08,2021,27608,suv,manual,petrol,black volkswagen t-roc. 1.5 tsi evo r-line 5dr satellite navigation,dublin
volkswagen polo (match),15723.00,08/05/2024,2020,16308,hatchback,manual,petrol,navy volkswagen polo. 1.0 tsi 95 match 5dr,kildare
volkswagen tiguan (tdi),11122.00,09/05/2024,2012,71495,suv,automatic,diesel,blue volkswagen tiguan. 2.0 sport tdi bluemotion technology 4motion dsg 5d 138 bhp. 2 previous owners,meath
volkswagen arteon (tdi),34502.00,09/05/2024,2022,2566,saloon,auto,diesel,blue volkswagen arteon. 2.0tdi (150ps) r-line scr dsg fastback 5dr. 1 previous owner,dublin
volkswagen passat (se),4177.00,10/05/2024,2011,108280,saloon,manual,diesel,grey volkswagen passat. 1.6 tdi bluemotion tech se euro 5 (s/s) 4dr,louth
volkswagen polo (beats),10834.00,11/05/2024,2017,45231,hatchback,manual,petrol,silver volkswagen polo. 1.2 beats tsi 5d 89 bhp alloys - bluetooth - air con. 1 previous owner,tipperary
volkswagen t-cross (tsi),18319.00,13/05/2024,2020,11318,suv,manual,petrol,red volkswagen t-cross. se 1.0 tsi 95ps manual + 17' clayton alloys + convenience pack 5dr. 1 previous owner,dublin
volkswagen golf (match),14641.00,14/05/2024,2019,61772,hatchback,manual,diesel,black volkswagen golf. 1.6 tdi match 115ps 5dr,galway
volkswagen tiguan (bluemotion tech),12924,15/05/2024,2016,66465,suv,manual,diesel,grey volkswagen tiguan. 2.0 match edition tdi bmt 4motion 5d 148 bhp + no payments until november 2022,limerick
volkswagen up! (move up!),10071.00,17/05/2024,2019,15281,hatchback,manual,petrol,blue volkswagen up!. 1.0 move up! euro 6 (s/s) 5dr. 1 previous owner,westmeath
volkswagen beetle (bluemotion tech),16747,17/05/2024,2016,33837,hatchback,manual,petrol,black volkswagen beetle. 2.0 tsi bluemotion tech sport euro 6 (s/s) 3dr,westmeath
volkswagen golf (s),8191.00,2024-05-19,2013,54079,hatchback,manual,petrol,grey volkswagen golf. 1.2 tsi bluemotion tech s euro 5 (s/s) 5dr. 3 previous owners,meath
volkswagen tiguan (bluemotion tech),12273.00,19/05/2024,2014,54307,suv,automatic,diesel,red volkswagen tiguan. 2.0 match tdi bluemotion tech 4motion dsg suv 5dr diesel automatic 154 g/km,westmeath
volkswagen t-roc (tdi),21443.00,23/05/2024,2020,11589,suv,manual,diesel,grey volkswagen t-roc. 1.6 tdi design 5dr,meath
volkswagen polo (se tech edition),16531.00,24/05/2024,2019,25231,hatchback,automatic,petrol,red volkswagen polo mk6 5d hatch 1.0 tsi 95ps se tech edition dsg. 1.0 tsi se tech edition dsg euro 6 (s/s) 5dr,mayo
volkswagen golf (tdi),7608.00,24/05/2024,2014,88451,hatchback,manual,diesel,blue volkswagen golf. 1.6 s tdi bluemotion technology 5d 103 bhp full 7 stamp service history,cork
volkswagen golf (gti performance),25395.00,28/05/2024,2018,24080,hatchback,automatic,petrol,volkswagen golf. 2.0 tsi 245 gti performance 5dr dsg,dublin
volkswagen golf (tsi evo),19277.00,30/05/2024,2020,16371,hatchback,manual,petrol,navy volkswagen golf. 1.5 tsi evo match edition 5dr,waterford
volkswagen golf (mhev),29120.00,2024-05-30,2022,3291,estate,automatic,petrol hybrid,black volkswagen golf. 1.5 etsi style 5dr dsg. 1 previous owner,dublin
volkswagen golf (tsi evo),17830.00,31/05/2024,2019,16356,hatchback,manual,petrol,volkswagen golf. 1.5 tsi evo match euro 6 (s/s) 5dr. 2 previous owners,meath
volkswagen t-roc (tsi),21018.00,01/06/2024,2020,12229,suv,manual,petrol,black volkswagen t-roc. 2017 1.0 tsi se 115ps 5dr,roscommon
volkswagen golf (match),12130.00,02/06/2024,2019,93196,hatchback,manual,petrol,blue volkswagen golf. match tsi evo 1.5 5dr,cork
volkswagen t-cross (tsi),21165.00,02/06/2024,2020,19771,suv,manual,petrol,red volkswagen t-cross estate. 1.0 tsi 115 r-line 5dr. 1 previous owner,tipperary
volkswagen golf (bluemotion tech),9453.00,02/06/2024,2014,114023,hatchback,manual,petrol,volkswagen golf. 2.0 tsi bluemotion tech gti euro 6 (s/s) 5dr. 1 previous owner,dublin
volkswagen tiguan (se),6339,03/06/2024,2009,87147,s.u.v.,manual,diesel,navy volkswagen tiguan. 2.0 tdi se 4wd 5dr. 3 previous owners,kerry
volkswagen tiguan (match),10290.00,04/06/2024,2013,58773,suv,manual,diesel,"navy volkswagen tiguan. 2.0l match tdi bluemotion technology 4motion 5d 139 bhp 4x4, sat nav, bluetooth, dab radio. 2 previous owners",wexford
volkswagen passat (bluemotion),12070.00,05/06/2024,2016,62784,estate,manual,diesel,volkswagen passat. 1.6 tdi bluemotion tech bluemotion euro 6 (s/s) 5dr. 2 previous owners,clare
volkswagen golf (se),6393.00,2024-06-05,2013,80231,convertible,manual,diesel,red volkswagen golf. 1.6 tdi bluemotion tech se cabriolet euro 5 (s/s) 2dr. 3 previous owners,dublin
volkswagen golf (r),15636.00,08/06/2024,2015,49444,estate,automatic,petrol,silver volkswagen golf. 2.0 tsi bluemotion tech r dsg 4motion (s/s) 5dr. 2 previous owners,galway
volkswagen golf (tdi),4644.00,10/06/2024,2010,79178,hatchback,manual,diesel,blue volkswagen golf. 1.6 tdi se hatchback 5dr diesel manual euro 5 (105 ps). 3 previous owners,kerry
volkswagen polo (match),8479.00,13/06/2024,2016,69376,hatchback,manual,petrol,volkswagen polo. 1.0 match 5d 74 bhp,wexford
volkswagen up! (high up!),8933,13/06/2024,2016,17946,hatchback,manual,petrol,blue volkswagen up!. 1.0 high up! hatchback 3dr petrol manual (75 ps). 1 previous owner,tipperary
volkswagen golf (r),22808.00,2024-06-13,2017,30744,hatchback,automatic,petrol,navy volkswagen golf. 2.0 tsi bluemotion tech r dsg 4motion (s/s) 5dr. 4 previous owners,cavan
volkswagen golf (se),14794.00,13/06/2024,2018,36502,hatchback,automatic,diesel,blue volkswagen golf. 1.6 tdi se dsg euro 6 (s/s) 5dr,kerry
volkswagen polo (beats),11983,18/06/2024,2017,14426,hatchback,manual,petrol,black volkswagen polo. 1.0 beats 5dr bluetooth,wexford
volkswagen t-roc (sel),24603.00,18/06/2024,2018,29526,suv,automatic,petrol,black volkswagen t-roc. 2017 2.0 tsi sel 190ps 4motion dsg 5dr,kerry
volkswagen tiguan allspace (match),24632.00,18/06/2024,2019,48790,suv,automatic,petrol,red volkswagen tiguan allspace. 1.5l match tsi evo 5dr,louth
volkswagen golf (se),3165.00,19/06/2024,2009,137289,estate,manual,diesel,blue volkswagen golf. 1.9 tdi se euro 4 5dr,dublin
volkswagen golf (match edition),19358.00,21/06/2024,2020,15898,hatchback,manual,petrol,grey volkswagen golf. 1.5 tsi evo 150 match edition 5dr petrol hatchback,tipperary
volkswagen polo (se),11772.00,21/06/2024,2018,29908,hatchback,manual,petrol,silver volkswagen polo. 1l se 5dr,louth
volkswagen tiguan (match),11259.00,23/06/2024,2014,78480,suv,automatic,diesel,black volkswagen tiguan. 2.0 tdi bluemotion tech match dsg 4wd (s/s) 5dr,kildare
volkswagen tiguan (tsi evo),21155.00,24/06/2024,2019,24655,suv,manual,petrol,black volkswagen tiguan. 1.5 tsi evo 130 match 5dr,offaly
volkswagen arteon (tsi),29955.00,26/06/2024,2022,7184,saloon,automatic,petrol,grey volkswagen arteon. 2.0 tsi r-line 5dr dsg,wicklow
volkswagen passat (se),4154.00,27/06/2024,2012,131137,estate,manual,diesel,navy volkswagen passat. 2.0 se tdi bluemotion technology 5d 139 bhp mot - 25/07/2023,donegal
volkswagen passat (tdi),12974,29/06/2024,2018,77195,estate,manual,diesel,grey volkswagen passat. 2.0 tdi se business euro 6 (s/s) 5dr,limerick
volkswagen golf (r),24586.00,29/06/2024,2017,43498,hatchback,automatic,petrol,black volkswagen golf. 2l r bluemotion tech tsi 5dr,longford
volkswagen tiguan (tdi),7546.00,29/06/2024,2014,135331,suv,manual,diesel,navy volkswagen tiguan. 2.0 tdi bluemotion tech match 5dr [2wd]. 2 previous owners,longford
volkswagen golf (tsi evo),17523.00,29/06/2024,2018,21697,hatchback,manual,petrol,volkswagen golf. volkswagen golf 1.5 tsi evo 150 gt 5dr. 1 previous owner,dublin
volkswagen tiguan (se navigation),18254.00,30/06/2024,2017,70111,s.u.v.,manual,diesel,black volkswagen tiguan. tiguan 2.0 tdi bluemotion tech se navigation suv 5dr diesel 4motion (s/s) (150 ps). 2 previous owners,galway
volkswagen tiguan (bluemotion tech),9705,01/07/2024,2012,81424,suv,automatic,diesel,blue volkswagen tiguan. 2.0 se tdi bluemotion technology 4motion dsg 5d 138 bhp ** nationwide delivery available **,cork
volkswagen tiguan (se navigation),16416,02/07/2024,2016,50420,suv,manual,diesel,silver volkswagen tiguan. 2l se navigation bluemotion tech tdi 5dr,dublin
volkswagen up! (move up!),10459.00,2024-07-03,2018,8715,hatchback,manual,petrol,blue volkswagen up!. 1l move up! 5dr,kildare
volkswagen touareg (tdi v6),16960.00,04/07/2024,2014,84541,suv,auto,diesel,silver volkswagen touareg. 3.0tdi v6 [245ps] r-line auto [a/c][panroof] 5dr. 2 previous owners,limerick
volkswagen t-roc (tsi),33342.00,05/07/2024,2020,16773,suv,automatic,petrol,grey volkswagen t-roc. 2.0 tsi r 300ps 4motion dsg 5dr. 1 previous owner,waterford
volkswagen tiguan (match),24359.00,2024-07-06,2019,17398,suv,automatic,petrol,blue volkswagen tiguan. 5dr 1.5 tsi (150ps) match evo dsg. 1 previous owner,westmeath
volkswagen t-roc (sel),19396.00,07/07/2024,2018,38070,suv,manual,diesel,silver volkswagen t-roc. 1.6 tdi sel 5dr,dublin
volkswagen t-cross (tsi),22932.00,09/07/2024,2021,9955,suv,automatic,petrol,red volkswagen t-cross. 1.0 tsi 110 sel 5dr dsg petrol estate,dublin
volkswagen golf (gt),6044.00,2024-07-10,2013,108279,hatchback,manual,diesel,red volkswagen golf. gt tdi bluemotion technology with full leather and available with trustford now! 2.0 5dr. 4 previous owners,dublin
volkswagen t-roc (tdi evo),28497.00,12/07/2024,2021,12464,suv,automatic,diesel,silver volkswagen t-roc. 2.0 tdi evo r-line 5dr dsg,dublin
volkswagen t-cross (sel),19409.00,12/07/2024,2020,15450,suv,manual,petrol,navy volkswagen t-cross. 1.0 tsi 115 sel 5dr. 1 previous owner,wexford
volkswagen golf (se nav),14385.00,2024-07-13,2017,34161,hatchback,manual,petrol,silver volkswagen golf. 1.4 tsi bluemotion tech se nav euro 6 (s/s) 5dr. 2 previous owners,dublin
volkswagen golf (tsi evo),15841.00,14/07/2024,2019,42813,hatchback,manual,petrol,black volkswagen golf. 1.5 tsi evo se [nav] 5dr petrol hatchback,donegal
volkswagen t-roc (r-line),23005.00,15/07/2024,2018,30677,suv,manual,petrol,silver volkswagen t-roc. 1.5 tsi evo r-line 5dr,monaghan
volkswagen golf (tdi),8145.00,16/07/2024,2013,80207,hatchback,manual,diesel,silver volkswagen golf. 1.6 tdi 105 se 3dr great spec free to tax,wicklow
volkswagen t-roc (tsi evo),24152.00,17/07/2024,2020,16277,suv,manual,petrol,silver volkswagen t-roc se l. 1.5 tsi evo sel euro 6 (s/s) 5dr,cavan
volkswagen golf (s),10978.00,19/07/2024,2014,54900,estate,automatic,petrol,grey volkswagen golf. 1.2 s tsi bluemotion technology dsg 5d 103 bhp,wexford
volkswagen eos (bluemotion tech),8212.00,2024-07-22,2011,51690,convertible,manual,diesel,black volkswagen eos. 2.0 tdi bluemotion tech sport cabriolet 2dr. 3 previous owners,cork
volkswagen golf (style),23488,23/07/2024,2020,19199,hatchback,automatic,diesel,black volkswagen golf. 2.0 tdi 150 style 5dr dsg. 2 previous owners,wicklow
volkswagen golf (tdi),6789.00,26/07/2024,2014,93054,hatchback,manual,diesel,red volkswagen golf. 1.6 tdi bluemotion tech s euro 5 (s/s) 5dr. 2 previous owners,louth
volkswagen passat (se),4099.00,2024-07-27,2012,137900,saloon,manual,diesel,blue volkswagen passat. se tdi bluemotion technology 2.0 4dr,monaghan
volkswagen golf (match),6165.00,30/07/2024,2011,76247,hatchback,manual,diesel,navy volkswagen golf. 1.6 tdi bluemotion tech match euro 5 (s/s) 5dr. 3 previous owners,galway
volkswagen t-roc (tdi),19984.00,2024-08-02,2018,23912,suv,manual,diesel,black volkswagen t-roc. 2.0 tdi 4motion sel 5dr,cavan
volkswagen scirocco (tdi),11798.00,04/08/2024,2014,49619,hatchback,automatic,diesel,blue volkswagen scirocco. 2.0 r line tdi dsg bluemotion technology 2d 140 bhp,donegal
volkswagen t-cross (tsi),20159,04/08/2024,2021,5093,suv,manual,petrol,blue volkswagen t-cross. 1.0 tsi se 5dr. 1 previous owner,meath
volkswagen golf (match),7738.00,05/08/2024,2015,108747,hatchback,manual,diesel,black volkswagen golf. 1.6 tdi bluemotion tech match (s/s) 5dr. 2 previous owners,dublin
volkswagen golf (tsi evo),13076.00,2024-08-06,2018,43709,hatchback,manual,petrol,red volkswagen golf. 1.5 tsi evo se 3dr,cork
volkswagen arteon (tsi),35465.00,08/08/2024,2022,4601,estate,automatic,petrol,volkswagen arteon shooting break. r-line 2.0 tsi 190ps 7-speed dsg + rosario dark alloys/dcc 5dr. 1 previous owner,tipperary
volkswagen passat (tsi),22754,09/08/2024,2018,37418,saloon,automatic,petrol plug-in hybrid,blue volkswagen passat. volkswagen passat 1.4 tsi gte advance 4dr dsg panroof. 3 previous owners,monaghan
volkswagen golf (tsi evo),17693.00,09/08/2024,2019,26794,hatchback,manual,petrol,grey volkswagen golf. 1.5 tsi evo 150 match 5dr. 1 previous owner,cork
volkswagen tiguan (tdi),8488,10/08/2024,2014,98114,suv,manual,diesel,blue volkswagen tiguan. 2.0 tdi bluemotion tech match 2wd euro 5 (s/s) 5dr,dublin
volkswagen polo (tdi),5675.00,2024-08-14,2012,64192,hatchback,manual,diesel,grey volkswagen polo. 1.2 tdi bluemotion euro 5 (s/s) 3dr. 1 previous owner,westmeath
volkswagen golf (gti performance),23002,14/08/2024,2019,24815,hatchback,manual,petrol,blue volkswagen golf. 2.0 tsi 245 gti performance 3dr,dublin
volkswagen arteon (tsi evo),18330.00,14/08/2024,2018,58741,saloon,automatic,petrol,silver volkswagen arteon. volkswagen arteon 1.5 tsi elegance 5dr dsg. 1 previous owner,dublin
volkswagen polo (tdi),2586.00,14/08/2024,2008,85532,hatchback,manual,diesel,red volkswagen polo. 1.4 tdi match 5dr. 4 previous owners,wicklow
volkswagen polo (sel),8111.00,2024-08-14,2011,34320,hatchback,automatic,petrol,blue volkswagen polo. 1.4 sel dsg euro 5 3dr,galway
volkswagen arteon (tsi),23639.00,17/08/2024,2019,37171,saloon,automatic,petrol,black volkswagen arteon fastback. 2.0 tsi r-line 5dr dsg. 1 previous owner,roscommon
volkswagen polo (tsi),8675.00,18/08/2024,2016,78274,hatchback,manual,petrol,blue volkswagen polo. 1.2 match tsi hatchback 5dr petrol manual 107 g/km 88.7 bhp,carlow
volkswagen golf (tfsi),4973.00,19/08/2024,2008,120447,hatchback,manual,petrol,red volkswagen golf. 2.0 tfsi gti 3dr,cork
volkswagen polo (beats),16031.00,20/08/2024,2020,7009,hatchback,manual,petrol,volkswagen polo. 1.0 evo 80 beats 5dr,carlow
volkswagen golf (tdi),3135.00,23/08/2024,2011,124145,estate,manual,diesel,black volkswagen golf. 2.0 tdi se euro 5 5dr. 5 previous owners,dublin
volkswagen passat (bluemotion tech),13260.00,2024-08-25,2016,63958,saloon,manual,diesel,volkswagen passat. 2.0 tdi se business 4dr. 3 previous owners,dublin
volkswagen t-roc (tsi evo),22100.00,25/08/2024,2020,15695,suv,manual,petrol,red volkswagen t-roc. 2017 1.5 tsi black edition 150ps evo 5dr. 1 previous owner,wexford
volkswagen golf (style),25242.00,2024-08-27,2022,4244,hatchback,manual,petrol,black volkswagen golf. 1.5 tsi style 5dr. 1 previous owner,dublin
volkswagen tiguan (match),8376.00,2024-08-29,2014,98062,suv,manual,diesel,silver volkswagen tiguan. 2.0 tdi bluemotion tech match 2wd euro 5 (s/s) 5dr,galway
volkswagen golf (bluemotion tech),9063.00,29/08/2024,2013,96361,hatchback,automatic,diesel,black volkswagen golf. 2.0 tdi bluemotion tech gt hatchback 5dr diesel dsg euro 5 (s/s) (150 ps),dublin
volkswagen golf (mhev),26978.00,2024-08-30,2022,7623,estate,automatic,petrol hybrid,navy volkswagen golf. etsi 150 style 5dr dsg 1.5,limerick
volkswagen golf (gti),10191.00,30/08/2024,2011,88223,hatchback,automatic,petrol,volkswagen golf. 2.0 tsi gti dsg 5dr,dublin
volkswagen scirocco (tdi),18178.00,31/08/2024,2017,48322,hatchback,automatic,diesel,volkswagen scirocco. 2.0 tdi bluemotion tech r-line black edition dsg euro 6 (s/s) 3dr. 1 previous owner,dublin
volkswagen passat (tdi),2844.00,2024-08-31,2008,139267,estate,manual,diesel,volkswagen passat. 1.9 tdi bluemotion 5dr,roscommon
volkswagen polo (match),6073.00,01/09/2024,2008,41423,hatchback,automatic,petrol,grey volkswagen polo. 1.4 match 5dr. 2 previous owners,waterford
volkswagen t-cross (tsi),17601.00,01/09/2024,2019,15209,suv,manual,petrol,silver volkswagen t-cross. 1.0 tsi (95ps) se hatchback 5dr,dublin
volkswagen golf (life),19479.00,2024-09-04,2020,16274,hatchback,manual,petrol,grey volkswagen golf. 1.5 tsi life euro 6 (s/s) 5dr. 1 previous owner,dublin
volkswagen t-roc (tsi),30256.00,05/09/2024,2022,600,convertible,manual,petrol,grey volkswagen t-roc. 1.0 tsi style 2dr,mayo
volkswagen polo (evo),13296.00,06/09/2024,2019,18621,hatchback,manual,petrol,silver volkswagen polo. 1.0 evo se tech edition 5dr satellite navigation,galway
volkswagen tiguan (match),22262.00,2024-09-06,2020,19833,suv,manual,petrol,navy volkswagen tiguan. 1.5 tsi evo 150 match 5dr,dublin
volkswagen id.3 (pro performance),34405.00,2024-09-07,2020,24597,hatchback,automatic,electric,navy volkswagen id.3 hatchback. 150kw business pro performance 58kwh 5dr auto satellite navigation,donegal
volkswagen passat (se business),12745.00,08/09/2024,2017,52256,saloon,manual,diesel,black volkswagen passat. 2.0 tdi se business 4dr,sligo
volkswagen t-cross (tsi),20291.00,09/09/2024,2019,22329,suv,manual,petrol,red volkswagen t-cross. 1.0 tsi 115 r-line 5dr,kildare
volkswagen tiguan (tdi),12294.00,09/09/2024,2014,61464,suv,automatic,diesel,"blue volkswagen tiguan. tdi bluemotion tech match 4motion dsg - navigation, park assist 2.0 5dr. 2 previous owners",waterford
volkswagen polo (gti),18419.00,10/09/2024,2019,25079,hatchback,automatic,petrol,grey volkswagen polo. gti tsi s-a 2.0 5dr,waterford
volkswagen t-roc (tsi evo),24024.00,11/09/2024,2020,16964,suv,automatic,petrol,silver volkswagen t-roc. design 1.5 tsi 150ps evo 7-speed dsg 5 door. 2 previous owners,donegal
volkswagen t-cross (tsi),20333,11/09/2024,2021,6909,suv,manual,petrol,silver volkswagen t-cross. s tsi 1.0 5dr. 1 previous owner,donegal
volkswagen tiguan (tsi evo),20618.00,13/09/2024,2019,27222,suv,manual,petrol,red volkswagen tiguan. 1.5 tsi evo match suv 5dr petrol (s/s) (150 ps). 1 previous owner,cork
volkswagen polo (bluemotion tech),10859.00,14/09/2024,2015,29269,hatchback,manual,petrol,blue volkswagen polo. 1.2 tsi se 5dr,donegal
volkswagen t-cross (tsi),18824.00,16/09/2024,2020,14288,suv,manual,petrol,blue volkswagen t-cross. 1.0 tsi s 5dr,limerick
volkswagen golf (gtd),16234.00,18/09/2024,2015,29341,hatchback,manual,diesel,red volkswagen golf. 2.0 gtd 3d 182 bhp with recent service and free mot. 2 previous owners,dublin
volkswagen golf (se nav),13602.00,2024-09-18,2018,57877,hatchback,manual,petrol,blue volkswagen golf. 1.5 tsi evo se [nav] 5dr,donegal
volkswagen golf (bluemotion tech),4933.00,20/09/2024,2009,89140,hatchback,manual,diesel,volkswagen golf. 1.6 tdi bluemotion tech se euro 5 (s/s) 5dr. 1 previous owner,dublin
volkswagen golf (tsi),9688.00,21/09/2024,2014,47857,hatchback,manual,petrol,volkswagen golf. 1.4 tsi bluemotion tech se euro 5 (s/s) 5dr,dublin
volkswagen polo (match),8837.00,2024-09-21,2012,31161,hatchback,manual,petrol,black volkswagen polo. 1.4 match euro 5 5dr. 3 previous owners,kilkenny
volkswagen scirocco (tsi),10230.00,23/09/2024,2013,49658,hatchback,manual,petrol,volkswagen scirocco coupe. 1.4 tsi 122ps nav 3dr,galway
volkswagen passat (bluemotion tech),5932,2024-09-28,2012,102468,saloon,automatic,diesel,blue volkswagen passat. 2.0 tdi bluemotion tech s dsg euro 5 (s/s) 4dr,tipperary
volkswagen polo (s),4907.00,29/09/2024,2010,51996,hatchback,manual,petrol,red volkswagen polo. 1.2 s euro 5 3dr. 4 previous owners,kildare
volkswagen golf (bluemotion tech),7635.00,2024-09-29,2014,121086,hatchback,manual,diesel,grey volkswagen golf. 2.0 tdi bluemotion tech gt euro 5 (s/s) 5dr. 1 previous owner,dublin
volkswagen scirocco (bluemotion tech),17905.00,29/09/2024,2016,38652,hatchback,automatic,petrol,silver volkswagen scirocco. 2.0 tsi bluemotion tech r dsg euro 6 (s/s) 3dr. 3 previous owners,limerick
volkswagen golf (r-line),20934.00,29/09/2024,2019,25420,hatchback,manual,petrol,grey volkswagen golf. mk7 facelift 1.5 tsi r-line evo 150ps 5dr. 1 previous owner,offaly
volkswagen polo (se),11972.00,29/09/2024,2018,53121,hatchback,manual,petrol,"red volkswagen polo. tsi se - app-connect, bluetooth, air conditioning 1.0 5dr. 1 previous owner",dublin
volkswagen up! (up! beats),10434.00,29/09/2024,2018,16424,hatchback,manual,petrol,blue volkswagen up!. 1.0 up! beats hatchback 5dr petrol manual euro 6 (s/s) (60 ps). 1 previous owner,cork
volkswagen passat (tsi),17919.00,30/09/2024,2018,32051,estate,automatic,petrol,black volkswagen passat. se business tsi dsg - adaptive cruise -sat nav - dab radio -bluetooth 1.4 5dr,dublin
volkswagen t-cross (tsi evo),24502.00,30/09/2024,2020,13668,suv,automatic,petrol,black volkswagen t-cross. 1.5 tsi evo r-line 5dr dsg. 1 previous owner,galway
volkswagen golf (tsi),5450.00,03/10/2024,2008,61991,hatchback,manual,petrol,red volkswagen golf. 1.4 tsi gt sport 5dr,cork
volkswagen golf (tsi),10836.00,04/10/2024,2014,45718,convertible,automatic,petrol,volkswagen golf. 1.4 tsi se cabriolet dsg euro 5 2dr. 2 previous owners,galway
volkswagen tiguan (match),14340.00,07/10/2024,2015,34889,suv,automatic,diesel,volkswagen tiguan. 2.0 tdi bluemotion tech match dsg 4wd euro 5 (s/s) 5dr,westmeath
volkswagen tiguan allspace (se nav),23707.00,08/10/2024,2018,24454,suv,manual,diesel,blue volkswagen tiguan allspace. 2.0 tdi 4motion se nav 5dr. 2 previous owners,wexford
volkswagen passat (gte),19318.00,09/10/2024,2017,69269,estate,automatic,petrol plug-in hybrid,navy volkswagen passat. 1.4 tsi gte dsg 5dr,meath
volkswagen polo (tsi),6639.00,09/10/2024,2011,94798,hatchback,automatic,petrol,black volkswagen polo. 1.4 tsi gti dsg euro 5 3dr,offaly
volkswagen touareg (tdi v6),13821.00,2024-10-16,2013,114801,suv,automatic,diesel,blue volkswagen touareg. 3.0 tdi v6 bluemotion tech r-line suv 5dr diesel tiptronic 4wd euro 5 (s/s) (245 ps). 2 previous owners,kildare
volkswagen id.3 (pro performance),40209.00,17/10/2024,2021,11399,hatchback,automatic,electric,grey volkswagen id.3. 150kw business pro performance 58kwh 5dr auto. 2 previous owners,dublin
volkswagen golf (life),25846.00,17/10/2024,2022,924,hatchback,manual,petrol,volkswagen golf hatchback. 1.5 tsi 150 life 5dr. 1 previous owner,wicklow
volkswagen golf (mhev),23641.00,2024-10-18,2020,11784,hatchback,automatic,petrol hybrid,"black volkswagen golf. 1.5 life etsi dsg 5d 148 bhp 10-inch touchscreen with sat nav, front / rear parking sensors, apple carplay / android auto, adaptive cruise control, 10. 1 previous owner",dublin
volkswagen jetta (tdi),6133,20/10/2024,2011,78051,saloon,manual,diesel,black volkswagen jetta. 2.0 tdi se 4dr,kilkenny
volkswagen scirocco (gt),14335.00,20/10/2024,2016,31429,hatchback,manual,diesel,grey volkswagen scirocco. 2.0 tdi bluemotion tech gt 3dr. 3 previous owners,cork
volkswagen e-golf (e-golf),21101.00,2024-10-20,2018,40905,hatchback,automatic,electric,blue volkswagen golf. 99kw e-golf 35kwh 5dr auto. 2 previous owners,galway
volkswagen t-roc (se),18411.00,20/10/2024,2019,23059,suv,manual,diesel,volkswagen t-roc. 1.6 se tdi 5d 114 bhp air con - alloy wheels. 1 previous owner,dublin
volkswagen golf (bluemotion tech),8940.00,21/10/2024,2013,125632,hatchback,manual,diesel,navy volkswagen golf. 2.0 tdi bluemotion tech gtd euro 6 (s/s) 5dr. 4 previous owners,dublin
volkswagen polo (tdi),4218.00,21/10/2024,2011,109173,hatchback,manual,diesel,black volkswagen polo. 1.2 tdi se hatchback 5dr diesel manual euro 5 (s/s) (75 ps). 8 previous owners,dublin
volkswagen passat (sel),21173.00,2024-10-23,2020,17788,saloon,automatic,diesel,navy volkswagen passat. 1.6 tdi sel 4dr dsg leather seats,laois
volkswagen golf (tsi),9867.00,24/10/2024,2011,17603,hatchback,manual,petrol,blue volkswagen golf. 1.4 match tsi 5d 121 bhp,galway
volkswagen golf (r),49070.00,26/10/2024,2022,3328,hatchback,automatic,petrol,blue volkswagen golf. mk8 hatch 5-dr 2.0 tsi (320ps) r 4motion dsg + r performance/akrapovic/camera 5dr,galway
volkswagen golf (gtd),17969.00,26/10/2024,2018,59242,hatchback,manual,diesel,black volkswagen golf. 2.0 tdi 184 gtd 5dr. 3 previous owners,dublin
volkswagen up! (white edition),13428.00,27/10/2024,2021,5343,hatchback,manual,petrol,red volkswagen up. 1.0 65ps white edition 5dr,carlow
volkswagen golf (r),25436.00,2024-10-29,2017,41290,hatchback,manual,petrol,silver volkswagen golf. 2.0 r tsi 5d 306 bhp free next day nationwide delivery. 2 previous owners,cavan
volkswagen t-roc (sel),21310.00,30/10/2024,2018,18105,suv,manual,diesel,red volkswagen t-roc. sel 1.6 tdi 115ps 6-speed manual 5 door. 1 previous owner,louth
volkswagen golf (tdi),2575.00,31/10/2024,2008,160085,hatchback,manual,diesel,grey volkswagen golf. 2.0 tdi dpf gt sport 5dr,louth
volkswagen t-cross (tsi),23884.00,31/10/2024,2022,3304,suv,automatic,petrol,silver volkswagen t-cross. 1.0 tsi 110 se 5dr dsg. 1 previous owner,wexford
volkswagen id.3 (life),38075.00,01/11/2024,2021,6138,hatchback,automatic,electric,black volkswagen id.3. 150kw life pro performance 58kwh 5dr auto. 1 previous owner,offaly
volkswagen polo (match),8342.00,01/11/2024,2013,34276,hatchback,manual,diesel,blue volkswagen polo. 1.2 tdi match euro 5 5dr. 2 previous owners,meath
volkswagen golf (se nav),16576.00,01/11/2024,2018,22927,hatchback,manual,petrol,red volkswagen golf. 1.5 tsi evo se [nav] 5dr. 1 previous owner,dublin
volkswagen t-roc (tsi),20052.00,03/11/2024,2020,26119,suv,manual,petrol,red volkswagen t-roc hatchback. 1.0 tsi se 5dr. 1 previous owner,cork
volkswagen passat (tdi),6157.00,07/11/2024,2013,114678,estate,manual,diesel,red volkswagen passat. 2.0 tdi bluemotion tech highline euro 5 (s/s) 5dr,cork
volkswagen beetle (design),9669.00,08/11/2024,2012,44388,hatchback,automatic,petrol,red volkswagen beetle. 1.2 tsi design dsg euro 5 3dr. 3 previous owners,dublin
volkswagen golf (gt),11187.00,08/11/2024,2014,78395,hatchback,automatic,diesel,silver volkswagen golf. 2.0 tdi gt 5dr dsg,galway
volkswagen polo (r-line),21208.00,09/11/2024,2021,4745,hatchback,automatic,petrol,blue volkswagen polo. 1.0 tsi r-line dsg euro 6 (s/s) 5dr. 1 previous owner,carlow
volkswagen golf (s),4469.00,14/11/2024,2009,101365,hatchback,manual,petrol,silver volkswagen golf. 1.4 s 5dr. 3 previous owners,cork
volkswagen tiguan allspace (se nav),24324.00,14/11/2024,2018,32088,suv,automatic,petrol,grey volkswagen tiguan allspace. 1.4 tsi se nav 5dr dsg,dublin
volkswagen t-roc (sel),22717.00,14/11/2024,2019,33472,suv,automatic,petrol,black volkswagen t-roc. 1.5 tsi evo sel dsg euro 6 (s/s) 5dr. 1 previous owner,waterford
volkswagen tiguan (r-line),31388.00,2024-11-15,2021,26397,suv,automatic,petrol,silver volkswagen tiguan. 1.5 tsi (150ps) r-line evo dsg 5dr. 1 previous owner,clare
volkswagen t-roc (tdi),22324.00,16/11/2024,2019,19492,suv,manual,diesel,navy volkswagen t-roc diesel hatchback. 1.6 tdi r-line 5dr. 1 previous owner,kerry
volkswagen polo (match),4339.00,18/11/2024,2009,35482,hatchback,manual,petrol,"volkswagen polo. 1.2 match hatchback 3dr petrol manual (138 g/km, 60 bhp). 1 previous owner",dublin
volkswagen polo (bluemotion tech),10826.00,18/11/2024,2014,31527,hatchback,automatic,petrol,volkswagen polo. 1.2 tsi bluemotion tech se dsg euro 6 (s/s) 5dr. 3 previous owners,clare
volkswagen golf (tsi),7104.00,19/11/2024,2011,50335,hatchback,manual,petrol,silver volkswagen golf. 1.4 match tsi 3d 121 bhp,westmeath
volkswagen golf (life),22611.00,21/11/2024,2021,3568,hatchback,manual,petrol,grey volkswagen golf hatchback. 1.5 tsi life 5dr. 1 previous owner,dublin
volkswagen polo (gti),7646.00,22/11/2024,2013,93905,hatchback,automatic,petrol,blue volkswagen polo. 1.4 gti dsg 3dr,dublin
volkswagen golf (r),19712.00,24/11/2024,2015,62488,hatchback,automatic,petrol,silver volkswagen golf. 2.0 tsi r 5dr dsg petrol hatchback,galway
volkswagen t-roc (tdi evo),27176.00,24/11/2024,2021,9848,suv,manual,diesel,grey volkswagen t-roc. r-line 2.0 tdi 150ps evo 6-speed manual 5 door,cork
volkswagen t-roc (sel),19103.00,25/11/2024,2018,26738,suv,manual,petrol,black volkswagen t-roc. 1.5 tsi evo sel 5dr. 2 previous owners,dublin
volkswagen polo (life),19450.00,26/11/2024,2021,15235,hatchback,automatic,petrol,volkswagen polo. life 1.0 tsi 95ps 7-speed dsg 5 door,dublin
volkswagen t-roc (r-line),29059.00,30/11/2024,2021,13629,suv,automatic,diesel,red volkswagen t-roc. r-line 2.0 tdi 150ps evo 7-speed dsg 5 door. 1 previous owner,galway
volkswagen jetta (tdi),8908,30/11/2024,2013,57061,saloon,manual,diesel,blue volkswagen jetta. 2.0 tdi sport euro 5 4dr. 3 previous owners,cork
volkswagen scirocco (tsi),19744.00,01/12/2024,2018,47972,hatchback,automatic,petrol,silver volkswagen scirocco. 2.0 tsi 280 bluemotion tech r 3dr dsg,dublin
volkswagen tiguan (tdi),9285.00,01/12/2024,2014,98436,suv,manual,diesel,blue volkswagen tiguan. 2.0 tdi bluemotion tech match 2wd euro 5 (s/s) 5dr,dublin
volkswagen golf (match),5611.00,2024-12-02,2011,82382,hatchback,automatic,diesel,black volkswagen golf. 1.6 tdi match dsg euro 5 5dr. 3 previous owners,dublin
volkswagen polo (life),17367.00,02/12/2024,2021,5280,hatchback,manual,petrol,grey volkswagen polo. mk6 facelift (2021) 1.0 80ps life 5dr,wicklow
volkswagen polo (tsi),9171.00,05/12/2024,2016,71272,hatchback,manual,petrol,navy volkswagen polo. 1.2 tsi bluemotion tech match euro 6 (s/s) 5dr. 1 previous owner,dublin
volkswagen golf (tdi),4719.00,09/12/2024,2012,92057,estate,automatic,diesel,volkswagen golf. 1.6 tdi se estate 5dr diesel dsg euro 5 (105 ps). 3 previous owners,tipperary
volkswagen passat (tsi evo),14889.00,10/12/2024,2019,79426,estate,manual,petrol,volkswagen passat. 1.5l r-line tsi evo 5dr,mayo
volkswagen passat (tdi),9411.00,11/12/2024,2013,97110,estate,automatic,diesel,black volkswagen passat. 2.0 tdi bluemotion tech alltrack dsg 4motion euro 5 (s/s) 5dr. 3 previous owners,galway
volkswagen polo (se),7336.00,14/12/2024,2011,25394,hatchback,manual,petrol,navy volkswagen polo. 1.4 se 5dr. 1 previous owner,dublin
volkswagen golf (tsi),2787.00,14/12/2024,2010,144245,estate,manual,petrol,navy volkswagen golf. 1.4 tsi se 5dr. 4 previous owners,cork
volkswagen t-roc (tsi evo),23379.00,17/12/2024,2020,11118,suv,manual,petrol,grey volkswagen t-roc. 2017 1.5 tsi se 150ps evo 5dr. 1 previous owner,cork
volkswagen polo (moda),3802.00,18/12/2024,2010,111205,hatchback,manual,petrol,blue volkswagen polo. 1.2 moda euro 5 3dr. 4 previous owners,clare
volkswagen polo (se),9743.00,18/12/2024,2016,38220,hatchback,manual,petrol,red volkswagen polo. 1.2 se tsi 3d 89 bhp 2 owners - service history. 2 previous owners,wexford
volkswagen polo (gti),15288.00,21/12/2024,2016,19369,hatchback,manual,petrol,blue volkswagen polo. 1.8 tsi bluemotion tech gti (s/s) 5dr. 2 previous owners,meath
volkswagen golf (r),41278,21/12/2024,2021,14880,hatchback,automatic,petrol,blue volkswagen golf. 8 r 2.0 tsi 4motion 320ps 7-speed dsg 5 door. 1 previous owner,wexford
